{
    "pelvis": [
        1.1958534479385918,
        1.0605359053647314,
        1.1958534479385918
    ],
    "femur_r": [
        0.9135289,
        0.9135289,
        0.9135289
    ],
    "femur_distal_r": [
        1.0,
        1.0,
        1.0
    ],
    "patella_r": [
        1.0,
        1.0,
        1.0
    ],
    "tibia_proximal_r": [
        1.0,
        1.0,
        1.0
    ],
    "tibia_r": [
        1.00826681,
        1.00826681,
        1.00826681
    ],
    "talus_r": [
        1.0082668143607483,
        1.0082668143607483,
        1.0082668143607483
    ],
    "calcn_r": [
        1.0082668143607483,
        1.0082668143607483,
        1.0082668143607483
    ],
    "toes_r": [
        1.0082668143607483,
        1.0082668143607483,
        1.0082668143607483
    ],
    "femur_l": [
        0.9252183627908708,
        0.9252183627908708,
        0.9252183627908708
    ],
    "patella_l": [
        0.9252183627908708,
        0.9252183627908708,
        0.9252183627908708
    ],
    "tibia_l": [
        1.0082668143607483,
        1.0082668143607483,
        1.0082668143607483
    ],
    "talus_l": [
        1.0082668143607483,
        1.0082668143607483,
        1.0082668143607483
    ],
    "calcn_l": [
        1.0082668143607483,
        1.0082668143607483,
        1.0082668143607483
    ],
    "toes_l": [
        1.0082668143607483,
        1.0082668143607483,
        1.0082668143607483
    ],
    "torso": [
        0.9087565855846416,
        0.8004291783051705,
        0.9265575131819203
    ],
    "neckhead": [
        0.8004291783051705,
        0.8004291783051705,
        0.8004291783051705
    ],
    "humerus_r": [
        0.919581935834548,
        0.919581935834548,
        0.919581935834548
    ],
    "ulna_r": [
        0.8398965346814145,
        0.8398965346814145,
        0.8398965346814145
    ],
    "radius_r": [
        0.8398965346814145,
        0.8398965346814145,
        0.8398965346814145
    ],
    "hand_r": [
        0.8398965346814145,
        0.8398965346814145,
        0.8398965346814145
    ],
    "humerus_l": [
        0.919581935834548,
        0.919581935834548,
        0.919581935834548
    ],
    "ulna_l": [
        0.8398965346814145,
        0.8398965346814145,
        0.8398965346814145
    ],
    "radius_l": [
        0.8398965346814145,
        0.8398965346814145,
        0.8398965346814145
    ],
    "hand_l": [
        0.8398965346814145,
        0.8398965346814145,
        0.8398965346814145
    ]
}